smiles,homo,lumo
[SiH2]1cccc1-c1ccc(-c2cnc(-c3nccc4nsnc34)c3nsnc23)c2c[nH]cc12,-5,-3
c1[nH]cc2c1c(cc1c3ccccc3c3c4ccccc4oc3c21)-c1nccc2nsnc12,-5,-3
c1cc2c(scc2o1)-c1ccc(o1)-c1ccc(-c2cccc3c[nH]cc23)c2ccccc12,-5,-3
c1cc2csc(-c3cc4c(s3)c3cnc5ccc6ccccc6c5c3c3ccccc43)c2s1,-5,-3
C1cccc1-c1ccc(-c2ccccc2)c2nsnc12,-5,-3
C1C=c2c3cc[se]c3c3sc4C=C(Cc4c3c2=C1)c1ccccn1,-5,-3
c1[nH]cc2c1ccc1sc3c4ccc(cc4[se]c3c21)-c1cncc2nsnc12,-5,-3
c1c[nH]c(c1)-c1cc2sc3c4ncccc4[se]c3c2s1,-5,-3
c1cc2csc(-c3ccc([nH]3)-c3cnc(-c4nccc5nsnc45)c4nsnc34)c2o1,-5,-3
C1c2cc(-c3ncncn3)c3c[nH]cc3c2-c2[nH]c3cccnc3c12,-5,-3
[SiH2]1ccc2c1csc2-c1ncc(s1)-c1sc(-c2cncs2)c2sccc12,-5,-3
C1C=Cc2csc(c12)-c1cc2c3cscc3c3c4CC=Cc4[nH]c3c2c2=C[SiH2]C=c12,-5,-3
C1c(ccc1-c1cccc2c[SiH2]cc12)-c1[SiH2]c(cc1)-c1ccco1,-5,-3
c1c[nH]c(c1)-c1sc(-c2cnc(s2)-c2ccccn2)c2ccsc12,-5,-3
[SiH2]1C(=Cc2sc3c(c12)c1cscc1c1ccccc31)c1cccnc1,-5,-3
c1cc2csc(-c3cc4[se]c5c6sccc6c6nsnc6c5c4cn3)c2o1,-5,-3
[SiH2]1C=c2cccc(-c3cc4sc5c6ncccc6sc5c4c4cscc34)c2=C1,-5,-3
c1[nH]cc2c1c1cc(ccc1c1c3cocc3c3cccnc3c21)-c1ccccc1,-5,-3
c1nc(sc1-c1ncncn1)-c1ccc(-c2scc3nccnc23)c2c[nH]cc12,-5,-3
C1C(=Cc2cnc3c4sccc4c4ccccc4c3c12)c1scc2cc[se]c12,-5,-3
C1C=c2c(cc3c4nsnc4c4c([nH]c5cc[se]c45)c3c2=C1)-c1cccc2cocc12,-5,-3
[SiH2]1C=c2ccc3sc4c(oc5cc([se]c45)-c4scc5nccnc45)c3c2=C1,-5,-3
C1ccc2c1c(sc2-c1ccc([nH]1)-c1cncc2nsnc12)-c1nccc2nsnc12,-5,-3
C1C=c2ccc3c4cocc4c4c5cnc(cc5c5cocc5c4c3c2=C1)-c1nccs1,-5,-3
c1cc2csc(-c3cc4ncc5c([nH]c6cc[se]c56)c4[nH]3)c2o1,-5,-3
[SiH2]1ccc2-[o]c3c(-c12)c1c[nH]cc1c1ccc2nsnc2c31,-5,-3
c1cc2c(scc2[nH]1)-c1ccc2c(c1)oc1c3[nH]ccc3[nH]c21,-5,-3
C1cc2c3cc[se]c3c3c4c[nH]cc4c4cccnc4c3c2c1,-5,-3
c1c[nH]c(c1)-c1ncc(-c2ccc(-c3nccc4nsnc34)c3c[nH]cc23)c2nsnc12,-5,-3
[SiH2]1C=Cc2c1csc2-c1cc2cnc3c(ncc4ccc5nsnc5c34)c2c2cocc12,-5,-3
[SiH2]1C=c2cccc(-c3cc4cnc5cc6cccnc6cc5c4[nH]3)c2=C1,-5,-3
C1C=c2c3ccsc3c3cc4oc(cc4cc3c2=C1)-c1cccnc1,-5,-3
C1cc2c(ccc(-c3ccc(cn3)-c3scc4cc[nH]c34)c2c1)-c1scc2ccCc12,-5,-3
C1C=c2c3C=C(Cc3c3c4c[nH]cc4c4ccc5nsnc5c4c3c2=C1)c1nccs1,-5,-3
c1cc2c(scc2s1)-c1ccc(cc1)-c1ncc(s1)-c1nccc2nsnc12,-5,-3
c1occ2c(cccc12)-c1cc2cc3sc4ccccc4c3cc2cn1,-5,-3
c1c[nH]c(c1)-c1ccc([se]1)-c1ncc(-c2ncncn2)c2nsnc12,-5,-3
[SiH2]1C(=Cc2ccc3c4ncccc4[nH]c3c12)c1scc2nccnc12,-5,-3
[SiH2]1C=c2ccc3c4cscc4c(cc3c2=C1)C1=Cc2c([SiH2]1)ccc1nsnc21,-5,-3
c1cc2c3c[nH]cc3c3c4[nH]c(cc4c4ccccc4c3c2[nH]1)-c1ncncn1,-5,-3
[SiH2]1C=c2c(cc3cnc4c5[nH]ccc5c5cocc5c4c3c2=C1)-c1ncncn1,-5,-3
c1ncc(s1)-c1cc2ncc3c(c4cscc4c4ccc5cocc5c34)c2o1,-5,-3
C1C=c2c(cc3ncc4ccc5c[nH]cc5c4c3c2=C1)-c1scc2CC=Cc12,-5,-3
C1C=c2c3C=C[SiH2]c3c3ccc4cc([nH]c4c3c2=C1)-c1ccccc1,-5,-3
[SiH2]1ccc2c1csc2-c1ccc(cn1)-c1ccc(nc1)-c1cccnc1,-5,-3
C1C=CC=C1c1cc2c3c[nH]cc3c-3c(Cc4cc[nH]c-34)c2o1,-5,-3
C1C(=Cc2sc3c4cnccc4oc3c12)c1cccc2cocc12,-5,-3
c1cc2sc3c4sc(cc4c4nsnc4c3c2o1)-c1cccc2cocc12,-5,-3
c1cc2c(scc2[se]1)-c1cc2oc3c4ccccc4sc3c2s1,-5,-3
[SiH2]1C=Cc2c1c1c3cscc3c3cc(ccc3c1c1cocc21)-c1cccc2cscc12,-5,-3
[SiH2]1C=Cc2sc3c(c12)c1ccccc1c1cc(-c2scc4[se]ccc24)c2cscc2c31,-5,-3
[SiH2]1C=c2ccc3[SiH2]c4c([nH]c5cc(ncc45)-c4scc5[se]ccc45)-c3c2=C1,-5,-3
c1c(oc2c1[se]c1c2c2nsnc2c2ccc3ccccc3c12)-c1nccc2nsnc12,-5,-3
[SiH2]1C=Cc2[nH]c3c4[se]c(cc4c4c[nH]cc4c3c12)-c1ccccc1,-5,-3
c1cc2csc(-c3cc4sc5c(oc6cc[se]c56)c4c4nsnc34)c2[nH]1,-5,-3
c1cc2sc3c(c4cscc4c4cc(-c5ccccn5)c5cocc5c34)c2o1,-5,-3
c1coc(c1)-c1cc2c3nsnc3c3cc4ccncc4cc3c2[se]1,-5,-3
c1[nH]cc2c(cccc12)-c1ccc(cn1)-c1sc(-c2ncncn2)c2nccnc12,-5,-3
c1cc2csc(-c3cc4[nH]c5c(ccc6ccoc56)c4[nH]3)c2[nH]1,-5,-3
c1c[se]c(c1)-c1cc2ccc3c4[nH]ccc4c4c[nH]cc4c3c2c2cscc12,-5,-3
C1C=c2ccc3cc4c5cscc5c5cc(ncc5c4cc3c2=C1)-c1cncc2nsnc12,-5,-3
C1c(ccc1-c1ncc(-c2cncc3nsnc23)c2nsnc12)-c1cccnc1,-5,-3
[SiH2]1C=c2c3cc(-c4cccc5c[nH]cc45)c4cocc4c3c3cnc4cc[nH]c4c3c2=C1,-5,-3
C1cccc1-c1ccc(-c2ccc(-c3scc4ccoc34)c3cscc23)c2cscc12,-5,-3
[SiH2]1cc2cccc(-c3ccc(-c4ccc(o4)-c4scc5ccsc45)c4c[nH]cc34)c2c1,-5,-3
[SiH2]1C=c2c3ccsc3c3cnc4cc(cnc4c3c2=C1)-c1scc2occc12,-5,-3
[SiH2]1C=c2c3ccoc3c3oc4cc([se]c4c3c2=C1)-c1ccc[nH]1,-5,-3
[SiH2]1C=c2c(cc3c4nsnc4c4c5[nH]ccc5sc4c3c2=C1)-c1scc2ccoc12,-5,-3
c-1ccn-c-2c-1cn-c1c-2c2c[nH]cc2c2ccccc12,-5,-3
[SiH2]1ccc2c1c(sc2-c1ncc(-c2ccco2)c2nsnc12)-c1cncc2nsnc12,-5,-3
C1ccc2c1csc2-c1ccc(-c2cnc(s2)-c2scc3ccoc23)c2cocc12,-5,-3
C1C=c2ccc3cc4[SiH2]C(=Cc4cc3c2=C1)c1scc2cc[nH]c12,-5,-3
[SiH2]1C=c2c3cc(oc3c3c4nsnc4c4ccc5ccccc5c4c3c2=C1)C1=CC=C[SiH2]1,-5,-3
[SiH2]1C=Cc2csc(-c3cc4[se]c5c6ccccc6[nH]c5c4[nH]3)c12,-5,-3
c1coc(c1)-c1ccc(-c2ccc(o2)-c2ncncn2)c2c[nH]cc12,-5,-3
[SiH2]1C=Cc2c1csc2C1=Cc2[nH]c3ccc4ccccc4c3c2[SiH2]1,-5,-3
C1ccc2c1c(sc2-c1sc(-c2scc3[SiH2]ccc23)c2ccsc12)-c1ccc[nH]1,-5,-3
[SiH2]1C=Cc2cc3ccc4cc([nH]c4c3cc12)-c1scc2ccsc12,-5,-3
[SiH2]1cccc1-c1sc(-c2ccc([se]2)-c2scc3nccnc23)c2sccc12,-5,-3
[SiH2]1ccc2c1csc2-c1sc(-c2cnc(-c3ccccn3)c3nsnc23)c2ccoc12,-5,-3
[SiH2]1ccc2csc(-c3ccc([nH]3)-c3ccc(s3)-c3cccc4cscc34)c12,-5,-3
c1csc(c1)-c1cc2cnc3c4[nH]ccc4ccc3c2[nH]1,-5,-3
C1C=c2c3C=C[SiH2]c3c3[nH]c4cc(cnc4c3c2=C1)C1=CC=CC1,-5,-3
C1C=c2cccc(-c3cc4c(o3)c3c5cscc5c5ccoc5c3c3ccccc43)c2=C1,-5,-3
c1csc(n1)-c1ncc(s1)-c1cnc(s1)-c1nccc2nsnc12,-5,-3
C1C=c2c3cc4C=C[SiH2]c4cc3c3cnc(cc3c2=C1)-c1scc2ccsc12,-5,-3
C1ccc2c1c(sc2-c1ccccc1)-c1ccc(-c2scc3[se]ccc23)c2cocc12,-5,-3
[SiH2]1C=Cc2csc(c12)-c1cnc2c(cnc3c4c5cscc5ccc4c4c[nH]cc4c23)c1,-5,-3
C1C=c2cccc(-c3cc4[nH]c5c6ccccc6[se]c5c4cn3)c2=C1,-5,-3
[SiH2]1C=Cc2[nH]c3cc(cnc3c12)-c1scc2occc12,-5,-3
[SiH2]1C=Cc2csc(c12)-c1ccc2cc3c(cc2c1)c1cocc1c1ccccc31,-5,-3
c1cc2c([se]1)c1c3nsnc3c3cc(oc3c1c1ccccc21)-c1cncc2nsnc12,-5,-3
c1c[se]c(c1)-c1ncc(s1)-c1sc(-c2nccs2)c2c1c1ccccc1c1ccccc21,-5,-3
[SiH2]1C(=Cc2ccc3c(ncc4ccc5cscc5c34)c12)c1cccc2cscc12,-5,-3
C1C=Cc2c1csc2C1=Cc2ncc3c4occc4c4ccccc4c3c2C1,-5,-3
C1C=Cc2c1csc2-c1cc2cnc3c([nH]c4ccc5cscc5c34)c2c2ccccc12,-5,-3
C1C(=Cc2[se]c3c(c12)c1nsnc1c1ccccc31)c1cccnc1,-5,-3
C1C=c2c3C=C(Cc3c3oc4cccnc4c3c2=C1)c1ccccc1,-5,-3
C1C=c2c3c4CC=Cc4sc3c3c(cc(-c4cncs4)c4=C[SiH2]C=c34)c2=C1,-5,-3
c-1ccn-c2c-1ncc1c3[se]ccc3c3nsnc3c21,-5,-3
c1cc2c(scc2[nH]1)-c1ccc(-c2sc(-c3cccnc3)c3cc[nH]c23)c2ccccc12,-5,-3
C1C=c2c3c4cnccc4[nH]c3c3ccc(cc3c2=C1)-c1cccc2cocc12,-5,-3
c1ccc2c(c1)ccc1ccc3cc4cc(-c5ncncn5)c5ccccc5c4cc3c21,-5,-3
[SiH2]1c(ccc1-c1cncc2nsnc12)-c1sc(-c2scc3nccnc23)c2nccnc12,-5,-3
c1c[nH]c(c1)-c1ccc([nH]1)-c1sc(-c2nccc3nsnc23)c2nccnc12,-5,-3
[SiH2]1cccc1-c1sc(-c2ccc(s2)-c2nccc3nsnc23)c2[SiH2]ccc12,-5,-3
C1cccc1-c1ccc(-c2sc(-c3cccnc3)c3ccCc23)c2nsnc12,-5,-3
C1C=Cc2c1c1c3c[nH]cc3c3cc(cnc3c1c1nsnc21)-c1cccc2c[nH]cc12,-5,-3
c1cc2c(sc(-c3ccc(cn3)-c3cncc4nsnc34)c2o1)-c1cncc2nsnc12,-5,-3
[SiH2]1C(=Cc2c1c1c3nsnc3c3ccoc3c1c1c[nH]cc21)c1cccs1,-5,-3
c1csc(c1)-c1cc2cnc3c4sccc4sc3c2c2cocc12,-5,-3
C1C=Cc2csc(c12)-c1cc2[nH]c3c(cnc4ccsc34)c2c2nsnc12,-5,-3
[SiH2]1C=c2c3cc(-c4scc5sccc45)c4ccccc4c3c3cc4[nH]ccc4cc3c2=C1,-5,-3
c1cc(oc1-c1cncs1)-c1ncc(-c2cncc3nsnc23)c2nsnc12,-5,-3
[SiH2]1C=c2c3ccc4cocc4c3c3ccc4cc(ccc4c3c2=C1)-c1ccc[se]1,-5,-3
C1c(ccc1-c1sc(-c2ccc[se]2)c2occc12)-c1scc2ccsc12,-5,-3
c1cc2c(scc2[nH]1)-c1cc2cc3[nH]c4ccoc4c3cc2c2ccccc12,-5,-3
c1nc(sc1-c1scc2nccnc12)-c1cnc(-c2nccc3nsnc23)c2nsnc12,-5,-3
C1C=Cc2sc(cc12)-c1cc2c(ccc3c[nH]cc23)[nH]1,-5,-3
c1sc(-c2cc3cc4cnc5ccncc5c4cc3[se]2)c2nccnc12,-5,-3
c1cc2c(scc2o1)-c1ccc2c3oc4ccc5ccccc5c4c3ccc2c1,-5,-3
c1cc2c(scc2[nH]1)-c1ccc([se]1)-c1ccc(o1)-c1cccnc1,-5,-3
C1C=Cc2[nH]c(cc12)-c1cc2c(ccc3=C[SiH2]C=c23)c2cscc12,-5,-3
c1nc(sc1-c1cccc2cocc12)-c1cnc(-c2nccc3nsnc23)c2nsnc12,-5,-3
C1ccc2c1c(sc2-c1cncc2nsnc12)-c1sc(-c2[SiH2]ccc2)c2sccc12,-5,-3
[SiH2]1cc2c(ccc(-c3scc4occc34)c2c1)-c1sc(-c2ccco2)c2[SiH2]ccc12,-5,-3
c1coc(c1)-c1cnc2c(c1)ncc1c2ccc2ccc3cscc3c12,-5,-3
[SiH2]1c2cc(ncc2-c2[nH]c3ccc4nsnc4c3c12)-c1ccco1,-5,-3
c1scc2c1c(cc1ncc3c([nH]c4ccc5nsnc5c34)c21)-c1ncncn1,-5,-3
c1cc2c(sc(-c3scc4ccsc34)c2[nH]1)-c1ccc(cc1)-c1cccc2cocc12,-5,-3
C1C=Cc2sc3c(c12)c1cocc1c1cc(ncc31)-c1cncs1,-5,-3
C1c2cc([nH]c2-c2c1c1occc1c1c[nH]cc21)-c1cccc2c[nH]cc12,-5,-3
[SiH2]1cc2cccc(-c3ccc(-c4ccc([nH]4)-c4ccco4)c4cscc34)c2c1,-5,-3
C1C=c2c(cc3[nH]c4-c5cnccc5[SiH2]c4c3c2=C1)-c1scc2nccnc12,-5,-3
C1C=Cc2c1csc2-c1cc2[nH]c3cc4ccc5nsnc5c4cc3c2o1,-5,-3
C1C=c2c(cc3c4nsnc4c4c5occc5ncc4c3c2=C1)-c1cccc2cscc12,-5,-3
[SiH2]1C=c2c(cc3c4ccccc4c4c5[nH]ccc5[nH]c4c3c2=C1)-c1scc2[se]ccc12,-5,-3
[SiH2]1cc2cccc(-c3ccc(-c4[SiH2]c(cc4)-c4cncs4)c4c[SiH2]cc34)c2c1,-5,-3
[SiH2]1C=CC=C1c1cc2cnc3c([nH]c4ccsc34)c2c2cocc12,-5,-3
C1C=c2c3c4ncccc4oc3c3ncc(cc3c2=C1)-c1ccc[se]1,-5,-3
C1C=CC=C1c1cc2oc3c(cnc4ccc5ccccc5c34)c2c2ccccc12,-5,-3
[SiH2]1cc2c(c1)c1ccc3ccccc3c1c1oc3-cc[SiH2]c3c21,-5,-3
[SiH2]1cccc1-c1ccc([nH]1)-c1ccc(cn1)-c1ncncn1,-5,-3
C1C=c2c(cc3ncc4c(oc5ccsc45)c3c2=C1)-c1scc2C=C[SiH2]c12,-5,-3
c1cncc(c1)-c1sc(-c2ncc(-c3cccc4nsnc34)c3nsnc23)c2nccnc12,-5,-3
C1C=c2c(cc3ncc4c5CC=Cc5oc4c3c2=C1)-c1ccccn1,-5,-3
c1ncc(s1)-c1ccc(-c2cnc(-c3cncs3)c3nsnc23)c2nsnc12,-5,-3
[SiH2]1C=Cc2c1c1c3c[nH]cc3c3cc(-c4ccccn4)c4cocc4c3c1c1c[nH]cc21,-5,-3
C1C=c2c3cc([se]c3c3c4nsnc4ccc3c2=C1)-c1scc2cc[nH]c12,-5,-3
c1[nH]cc2c1ccc1[se]c3c(c4nsnc4c4cc(ncc34)-c3cccc4cocc34)c21,-5,-3
[SiH2]1ccc2c1c(sc2-c1ccc(nc1)-c1scc2[nH]ccc12)-c1cccc2cscc12,-5,-3
c1cc2ccc3c4ncc(cc4c4cocc4c3c2[nH]1)-c1ncncn1,-5,-3
[SiH2]1C=c2c(cc3cnc4c5sccc5[nH]c4c3c2=C1)C1=CC=C[SiH2]1,-5,-3
C1ccc2c1csc2-c1ccc(o1)-c1sc(-c2cccc3cocc23)c2cc[SiH2]c12,-5,-3
C1c(ccc1-c1scc2ccoc12)-c1ccc(o1)-c1ncncn1,-5,-3
c1occ2c1ccc1c3cscc3c3c(ncc4cc(-c5ccccn5)c5cscc5c34)c21,-5,-3
[SiH2]1C(=Cc2c1c1c3c[nH]cc3c3cc[nH]c3c1c1c[nH]cc21)c1cccc2ccccc12,-5,-3
c1c([se]c2c1sc1ccncc21)-c1nccc2nsnc12,-5,-3
c1cc2csc(-c3cc4sc5c(c6nsnc6c6ccc7cocc7c56)c4c4cocc34)c2[nH]1,-5,-3
c1c[se]c(c1)-c1cc2c3c[nH]cc3c3c4cnccc4[se]c3c2cn1,-5,-3
C1C=Cc2c1c1ccc3cc(ncc3c1c1cocc21)-c1scc2ccsc12,-5,-3
c1ncc(s1)-c1ccc2c(c1)c1ccccc1c1c3ccccc3c3nsnc3c21,-5,-3
[SiH2]1ccc2c1c(sc2-c1ccc[nH]1)-c1ncc(-c2nccc3nsnc23)c2nsnc12,-5,-3
c1ncc(s1)-c1cc2[se]c3c([nH]c4ccc5c[nH]cc5c34)c2c2c[nH]cc12,-5,-3
C1cc2c(ccc(-c3ccccc3)c2c1)-c1ccc([nH]1)-c1nccs1,-5,-3
c1cc2c(scc2o1)-c1ccc(cn1)-c1cnc(s1)-c1ncncn1,-5,-3
C1C=c2c3cc[nH]c3c3c4c[nH]cc4c(cc3c2=C1)C1=CC=CC1,-5,-3
[SiH2]1C=c2ccc3cc4c5nsnc5c5cc(ncc5c4cc3c2=C1)-c1ccccn1,-5,-3
c1cc2c(scc2[nH]1)-c1cc2cc3c4nsnc4c4ccccc4c3cc2c2c[nH]cc12,-5,-3
c1cc2ncc3c4cnc(cc4c4c[nH]cc4c3c2s1)-c1cncs1,-5,-3
[SiH2]1C=c2c(cc3sc4c(c3c2=C1)c1=C[SiH2]C=c1c1ccc2c[nH]cc2c41)-c1cncs1,-5,-3
[SiH2]1C=c2ccc3sc4c(c5cscc5c5cc(cnc45)-c4scc5ccoc45)c3c2=C1,-5,-3
c1cc2oc3c4ncc(cc4oc3c2[se]1)-c1cccc2c[nH]cc12,-5,-3
C1cccc1-c1ncc(-c2sc(c3Cccc23)-c2cccc3ccccc23)c2nsnc12,-5,-3
c1cc2csc(-c3cc4oc5c(ccc6cccnc56)c4o3)c2[nH]1,-5,-3
C1ccc2c1c(sc2-c1scc2nccnc12)-c1ccc(o1)-c1[SiH2]ccc1,-5,-3
c1c[se]c(c1)-c1cc2c3c[nH]cc3c3cc[se]c3c2c2cscc12,-5,-3
[SiH2]1cc2cccc(-c3ccc(o3)-c3ccc(o3)-c3scc4ccsc34)c2c1,-5,-3
C1C=Cc2ccc3c(c12)c1nsnc1c1cc(-c2cccnc2)c2c[nH]cc2c31,-5,-3
c1cc2c(scc2o1)-c1cnc(-c2ccc(cn2)-c2scc3ccsc23)c2nsnc12,-5,-3
c1occ2c(cccc12)-c1cc2ncc3c([nH]c4ccc5nsnc5c34)c2c2cocc12,-5,-3
C1c(ccc1-c1ncncn1)-c1cnc(s1)-c1ccc[nH]1,-5,-3
c1cc2csc(-c3ccc(-c4ccc(-c5cccnc5)c5cscc45)c4c[nH]cc34)c2s1,-5,-3
c1cc([nH]c1-c1nccc2nsnc12)-c1ncc(-c2ccccn2)c2nsnc12,-5,-3
C1C=c2cccc(-c3cc4cnc5c6[nH]ccc6[nH]c5c4c4=C[SiH2]C=c34)c2=C1,-5,-3
c1cc2ncc3c4ccc(cc4sc3c2[nH]1)-c1cccc2cocc12,-5,-3
c1csc(n1)-c1ccc(cn1)-c1ncc(-c2nccc3nsnc23)c2nsnc12,-5,-3
[SiH2]1C=Cc2c1c1c3c[nH]cc3c3cc(-c4cccnc4)c4cocc4c3c1c1cscc21,-5,-3
c1cc2c(sc(-c3cncc4nsnc34)c2o1)-c1ccc(-c2ncncn2)c2c[nH]cc12,-5,-3
C1C=c2c3ccoc3c3cnc4cc(-c5cccc6cocc56)c5c[nH]cc5c4c3c2=C1,-5,-3
[SiH2]1C=Cc2c1csc2-c1cc2c3cscc3c3c4occc4sc3c2c2c[nH]cc12,-5,-3
C1C=c2ccc3cc4cc5ncc(cc5cc4cc3c2=C1)-c1cncc2nsnc12,-5,-3
C1C=c2c3cc(oc3c3cnc4cccnc4c3c2=C1)-c1scc2ccsc12,-5,-3
C1C=c2ccc3oc4c5CC(=Cc5[se]c4c3c2=C1)c1ccccc1,-5,-3
[SiH2]1c2cc(cnc2-c2[nH]c3ccncc3c12)-c1ccccc1,-5,-3
[SiH2]1cccc1-c1ncc(s1)-c1sc(-c2cncs2)c2sccc12,-5,-3
[SiH2]1cccc1-c1sc(-c2sc(-c3nccc4nsnc34)c3nccnc23)c2nccnc12,-5,-3
c1cc2c(scc2s1)-c1ccc([se]1)-c1sc(-c2scc3cc[se]c23)c2[se]ccc12,-5,-3
c1c[nH]c(c1)-c1ccc(o1)-c1sc(-c2scc3sccc23)c2nccnc12,-5,-3
[SiH2]1ccc2c1csc2-c1sc(-c2sc(-c3cncs3)c3cc[SiH2]c23)c2cc[se]c12,-5,-3
